[0]id,[1]identifier,[2]evolves_from_species_id,[3]evolution_chain_id,[4]is_baby,[5]forms_switchable,[6]height,[7]weight,[8]base_experience
1,bulbasaur,,1,0,0,7,69,64
2,ivysaur,1,1,0,0,10,130,142
3,venusaur,2,1,0,1,20,1000,236
4,charmander,,2,0,0,6,85,62
5,charmeleon,4,2,0,0,11,190,142
6,charizard,5,2,0,1,17,905,240
7,squirtle,,3,0,0,5,90,63
8,wartortle,7,3,0,0,10,225,142
9,blastoise,8,3,0,1,16,855,239
10,caterpie,,4,0,0,3,29,39
11,metapod,10,4,0,0,7,99,72
12,butterfree,11,4,0,0,11,320,178
13,weedle,,5,0,0,3,32,39
14,kakuna,13,5,0,0,6,100,72
15,beedrill,14,5,0,0,10,295,178
16,pidgey,,6,0,0,3,18,50
17,pidgeotto,16,6,0,0,11,300,122
18,pidgeot,17,6,0,0,15,395,216
19,rattata,,7,0,0,3,35,51
20,raticate,19,7,0,0,7,185,145
21,spearow,,8,0,0,3,20,52
22,fearow,21,8,0,0,12,380,155
23,ekans,,9,0,0,20,69,58
24,arbok,23,9,0,0,35,650,153
25,pikachu,172,10,0,0,4,60,112
26,raichu,25,10,0,0,8,300,218
27,sandshrew,,11,0,0,6,120,60
28,sandslash,27,11,0,0,10,295,158
29,nidoran-f,,12,0,0,4,70,55
30,nidorina,29,12,0,0,8,200,128
31,nidoqueen,30,12,0,0,13,600,227
32,nidoran-m,,13,0,0,5,90,55
33,nidorino,32,13,0,0,9,195,128
34,nidoking,33,13,0,0,14,620,227
35,clefairy,173,14,0,0,6,75,113
36,clefable,35,14,0,0,13,400,217
37,vulpix,,15,0,0,6,99,60
38,ninetales,37,15,0,0,11,199,177
39,jigglypuff,174,16,0,0,5,55,95
40,wigglytuff,39,16,0,0,10,120,196
41,zubat,,17,0,0,8,75,49
42,golbat,41,17,0,0,16,550,159
43,oddish,,18,0,0,5,54,64
44,gloom,43,18,0,0,8,86,138
45,vileplume,44,18,0,0,12,186,221
46,paras,,19,0,0,3,54,57
47,parasect,46,19,0,0,10,295,142
48,venonat,,20,0,0,10,300,61
49,venomoth,48,20,0,0,15,125,158
50,diglett,,21,0,0,2,8,53
51,dugtrio,50,21,0,0,7,333,142
52,meowth,,22,0,0,4,42,58
53,persian,52,22,0,0,10,320,154
54,psyduck,,23,0,0,8,196,64
55,golduck,54,23,0,0,17,766,175
56,mankey,,24,0,0,5,280,61
57,primeape,56,24,0,0,10,320,159
58,growlithe,,25,0,0,7,190,70
59,arcanine,58,25,0,0,19,1550,194
60,poliwag,,26,0,0,6,124,60
61,poliwhirl,60,26,0,0,10,200,135
62,poliwrath,61,26,0,0,13,540,230
63,abra,,27,0,0,9,195,62
64,kadabra,63,27,0,0,13,565,140
65,alakazam,64,27,0,1,15,480,225
66,machop,,28,0,0,8,195,61
67,machoke,66,28,0,0,15,705,142
68,machamp,67,28,0,0,16,1300,227
69,bellsprout,,29,0,0,7,40,60
70,weepinbell,69,29,0,0,10,64,137
71,victreebel,70,29,0,0,17,155,221
72,tentacool,,30,0,0,9,455,67
73,tentacruel,72,30,0,0,16,550,180
74,geodude,,31,0,0,4,200,60
75,graveler,74,31,0,0,10,1050,137
76,golem,75,31,0,0,14,3000,223
77,ponyta,,32,0,0,10,300,82
78,rapidash,77,32,0,0,17,950,175
79,slowpoke,,33,0,0,12,360,63
80,slowbro,79,33,0,0,16,785,172
81,magnemite,,34,0,0,3,60,65
82,magneton,81,34,0,0,10,600,163
83,farfetchd,,35,0,0,8,150,123
84,doduo,,36,0,0,14,392,62
85,dodrio,84,36,0,0,18,852,161
86,seel,,37,0,0,11,900,65
87,dewgong,86,37,0,0,17,1200,166
88,grimer,,38,0,0,9,300,65
89,muk,88,38,0,0,12,300,175
90,shellder,,39,0,0,3,40,61
91,cloyster,90,39,0,0,15,1325,184
92,gastly,,40,0,0,13,1,62
93,haunter,92,40,0,0,16,1,142
94,gengar,93,40,0,1,15,405,225
95,onix,,41,0,0,88,2100,77
96,drowzee,,42,0,0,10,324,66
97,hypno,96,42,0,0,16,756,169
98,krabby,,43,0,0,4,65,65
99,kingler,98,43,0,0,13,600,166
100,voltorb,,44,0,0,5,104,66
101,electrode,100,44,0,0,12,666,168
102,exeggcute,,45,0,0,4,25,65
103,exeggutor,102,45,0,0,20,1200,182
104,cubone,,46,0,0,4,65,64
105,marowak,104,46,0,0,10,450,149
106,hitmonlee,236,47,0,0,15,498,159
107,hitmonchan,236,47,0,0,14,502,159
108,lickitung,,48,0,0,12,655,77
109,koffing,,49,0,0,6,10,68
110,weezing,109,49,0,0,12,95,172
111,rhyhorn,,50,0,0,10,1150,69
112,rhydon,111,50,0,0,19,1200,170
113,chansey,440,51,0,0,11,346,395
114,tangela,,52,0,0,10,350,87
115,kangaskhan,,53,0,1,22,800,172
116,horsea,,54,0,0,4,80,59
117,seadra,116,54,0,0,12,250,154
118,goldeen,,55,0,0,6,150,64
119,seaking,118,55,0,0,13,390,158
120,staryu,,56,0,0,8,345,68
121,starmie,120,56,0,0,11,800,182
122,mr-mime,439,57,0,0,13,545,161
123,scyther,,58,0,0,15,560,100
124,jynx,238,59,0,0,14,406,159
125,electabuzz,239,60,0,0,11,300,172
126,magmar,240,61,0,0,13,445,173
127,pinsir,,62,0,1,15,550,175
128,tauros,,63,0,0,14,884,172
129,magikarp,,64,0,0,9,100,40
130,gyarados,129,64,0,1,65,2350,189
131,lapras,,65,0,0,25,2200,187
132,ditto,,66,0,0,3,40,101
133,eevee,,67,0,0,3,65,65
134,vaporeon,133,67,0,0,10,290,184
135,jolteon,133,67,0,0,8,245,184
136,flareon,133,67,0,0,9,250,184
137,porygon,,68,0,0,8,365,79
138,omanyte,,69,0,0,4,75,71
139,omastar,138,69,0,0,10,350,173
140,kabuto,,70,0,0,5,115,71
141,kabutops,140,70,0,0,13,405,173
142,aerodactyl,,71,0,1,18,590,180
143,snorlax,446,72,0,0,21,4600,189
144,articuno,,73,0,0,17,554,261
145,zapdos,,74,0,0,16,526,261
146,moltres,,75,0,0,20,600,261
147,dratini,,76,0,0,18,33,60
148,dragonair,147,76,0,0,40,165,147
149,dragonite,148,76,0,0,22,2100,270
150,mewtwo,,77,0,1,20,1220,306
151,mew,,78,0,0,4,40,270
152,chikorita,,79,0,0,9,64,64
153,bayleef,152,79,0,0,12,158,142
154,meganium,153,79,0,0,18,1005,236
155,cyndaquil,,80,0,0,5,79,62
156,quilava,155,80,0,0,9,190,142
157,typhlosion,156,80,0,0,17,795,240
158,totodile,,81,0,0,6,95,63
159,croconaw,158,81,0,0,11,250,142
160,feraligatr,159,81,0,0,23,888,239
161,sentret,,82,0,0,8,60,43
162,furret,161,82,0,0,18,325,145
163,hoothoot,,83,0,0,7,212,52
164,noctowl,163,83,0,0,16,408,155
165,ledyba,,84,0,0,10,108,53
166,ledian,165,84,0,0,14,356,137
167,spinarak,,85,0,0,5,85,50
168,ariados,167,85,0,0,11,335,137
169,crobat,42,17,0,0,18,750,241
170,chinchou,,86,0,0,5,120,66
171,lanturn,170,86,0,0,12,225,161
172,pichu,,10,1,0,3,20,41
173,cleffa,,14,1,0,3,30,44
174,igglybuff,,16,1,0,3,10,42
175,togepi,,87,1,0,3,15,49
176,togetic,175,87,0,0,6,32,142
177,natu,,88,0,0,2,20,64
178,xatu,177,88,0,0,15,150,165
179,mareep,,89,0,0,6,78,56
180,flaaffy,179,89,0,0,8,133,128
181,ampharos,180,89,0,1,14,615,230
182,bellossom,44,18,0,0,4,58,221
183,marill,298,90,0,0,4,85,88
184,azumarill,183,90,0,0,8,285,189
185,sudowoodo,438,91,0,0,12,380,144
186,politoed,61,26,0,0,11,339,225
187,hoppip,,92,0,0,4,5,50
188,skiploom,187,92,0,0,6,10,119
189,jumpluff,188,92,0,0,8,30,207
190,aipom,,93,0,0,8,115,72
191,sunkern,,94,0,0,3,18,36
192,sunflora,191,94,0,0,8,85,149
193,yanma,,95,0,0,12,380,78
194,wooper,,96,0,0,4,85,42
195,quagsire,194,96,0,0,14,750,151
196,espeon,133,67,0,0,9,265,184
197,umbreon,133,67,0,0,10,270,184
198,murkrow,,97,0,0,5,21,81
199,slowking,79,33,0,0,20,795,172
200,misdreavus,,98,0,0,7,10,87
201,unown,,99,0,0,5,50,118
202,wobbuffet,360,100,0,0,13,285,142
203,girafarig,,101,0,0,15,415,159
204,pineco,,102,0,0,6,72,58
205,forretress,204,102,0,0,12,1258,163
206,dunsparce,,103,0,0,15,140,145
207,gligar,,104,0,0,11,648,86
208,steelix,95,41,0,0,92,4000,179
209,snubbull,,105,0,0,6,78,60
210,granbull,209,105,0,0,14,487,158
211,qwilfish,,106,0,0,5,39,86
212,scizor,123,58,0,1,18,1180,175
213,shuckle,,107,0,0,6,205,177
214,heracross,,108,0,1,15,540,175
215,sneasel,,109,0,0,9,280,86
216,teddiursa,,110,0,0,6,88,66
217,ursaring,216,110,0,0,18,1258,175
218,slugma,,111,0,0,7,350,50
219,magcargo,218,111,0,0,8,550,144
220,swinub,,112,0,0,4,65,50
221,piloswine,220,112,0,0,11,558,158
222,corsola,,113,0,0,6,50,133
223,remoraid,,114,0,0,6,120,60
224,octillery,223,114,0,0,9,285,168
225,delibird,,115,0,0,9,160,116
226,mantine,458,116,0,0,21,2200,163
227,skarmory,,117,0,0,17,505,163
228,houndour,,118,0,0,6,108,66
229,houndoom,228,118,0,1,14,350,175
230,kingdra,117,54,0,0,18,1520,243
231,phanpy,,119,0,0,5,335,66
232,donphan,231,119,0,0,11,1200,175
233,porygon2,137,68,0,0,6,325,180
234,stantler,,120,0,0,14,712,163
235,smeargle,,121,0,0,12,580,88
236,tyrogue,,47,1,0,7,210,42
237,hitmontop,236,47,0,0,14,480,159
238,smoochum,,59,1,0,4,60,61
239,elekid,,60,1,0,6,235,72
240,magby,,61,1,0,7,214,73
241,miltank,,122,0,0,12,755,172
242,blissey,113,51,0,0,15,468,608
243,raikou,,123,0,0,19,1780,261
244,entei,,124,0,0,21,1980,261
245,suicune,,125,0,0,20,1870,261
246,larvitar,,126,0,0,6,720,60
247,pupitar,246,126,0,0,12,1520,144
248,tyranitar,247,126,0,1,20,2020,270
249,lugia,,127,0,0,52,2160,306
250,ho-oh,,128,0,0,38,1990,306
251,celebi,,129,0,0,6,50,270
252,treecko,,130,0,0,5,50,62
253,grovyle,252,130,0,0,9,216,142
254,sceptile,253,130,0,0,17,522,239
255,torchic,,131,0,0,4,25,62
256,combusken,255,131,0,0,9,195,142
257,blaziken,256,131,0,1,19,520,239
258,mudkip,,132,0,0,4,76,62
259,marshtomp,258,132,0,0,7,280,142
260,swampert,259,132,0,0,15,819,241
261,poochyena,,133,0,0,5,136,44
262,mightyena,261,133,0,0,10,370,147
263,zigzagoon,,134,0,0,4,175,48
264,linoone,263,134,0,0,5,325,147
265,wurmple,,135,0,0,3,36,39
266,silcoon,265,135,0,0,6,100,72
267,beautifly,266,135,0,0,10,284,178
268,cascoon,265,135,0,0,7,115,41
269,dustox,268,135,0,0,12,316,135
270,lotad,,136,0,0,5,26,44
271,lombre,270,136,0,0,12,325,119
272,ludicolo,271,136,0,0,15,550,216
273,seedot,,137,0,0,5,40,44
274,nuzleaf,273,137,0,0,10,280,119
275,shiftry,274,137,0,0,13,596,216
276,taillow,,138,0,0,3,23,54
277,swellow,276,138,0,0,7,198,151
278,wingull,,139,0,0,6,95,54
279,pelipper,278,139,0,0,12,280,151
280,ralts,,140,0,0,4,66,40
281,kirlia,280,140,0,0,8,202,97
282,gardevoir,281,140,0,1,16,484,233
283,surskit,,141,0,0,5,17,54
284,masquerain,283,141,0,0,8,36,145
285,shroomish,,142,0,0,4,45,59
286,breloom,285,142,0,0,12,392,161
287,slakoth,,143,0,0,8,240,56
288,vigoroth,287,143,0,0,14,465,154
289,slaking,288,143,0,0,20,1305,252
290,nincada,,144,0,0,5,55,53
291,ninjask,290,144,0,0,8,120,160
292,shedinja,290,144,0,0,8,12,83
293,whismur,,145,0,0,6,163,48
294,loudred,293,145,0,0,10,405,126
295,exploud,294,145,0,0,15,840,221
296,makuhita,,146,0,0,10,864,47
297,hariyama,296,146,0,0,23,2538,166
298,azurill,,90,1,0,2,20,38
299,nosepass,,147,0,0,10,970,75
300,skitty,,148,0,0,6,110,52
301,delcatty,300,148,0,0,11,326,133
302,sableye,,149,0,0,5,110,133
303,mawile,,150,0,1,6,115,133
304,aron,,151,0,0,4,600,66
305,lairon,304,151,0,0,9,1200,151
306,aggron,305,151,0,1,21,3600,239
307,meditite,,152,0,0,6,112,56
308,medicham,307,152,0,1,13,315,144
309,electrike,,153,0,0,6,152,59
310,manectric,309,153,0,1,15,402,166
311,plusle,,154,0,0,4,42,142
312,minun,,155,0,0,4,42,142
313,volbeat,,156,0,0,7,177,140
314,illumise,,157,0,0,6,177,140
315,roselia,406,158,0,0,3,20,140
316,gulpin,,159,0,0,4,103,60
317,swalot,316,159,0,0,17,800,163
318,carvanha,,160,0,0,8,208,61
319,sharpedo,318,160,0,0,18,888,161
320,wailmer,,161,0,0,20,1300,80
321,wailord,320,161,0,0,145,3980,175
322,numel,,162,0,0,7,240,61
323,camerupt,322,162,0,0,19,2200,161
324,torkoal,,163,0,0,5,804,165
325,spoink,,164,0,0,7,306,66
326,grumpig,325,164,0,0,9,715,165
327,spinda,,165,0,0,11,50,126
328,trapinch,,166,0,0,7,150,58
329,vibrava,328,166,0,0,11,153,119
330,flygon,329,166,0,0,20,820,234
331,cacnea,,167,0,0,4,513,67
332,cacturne,331,167,0,0,13,774,166
333,swablu,,168,0,0,4,12,62
334,altaria,333,168,0,0,11,206,172
335,zangoose,,169,0,0,13,403,160
336,seviper,,170,0,0,27,525,160
337,lunatone,,171,0,0,10,1680,154
338,solrock,,172,0,0,12,1540,154
339,barboach,,173,0,0,4,19,58
340,whiscash,339,173,0,0,9,236,164
341,corphish,,174,0,0,6,115,62
342,crawdaunt,341,174,0,0,11,328,164
343,baltoy,,175,0,0,5,215,60
344,claydol,343,175,0,0,15,1080,175
345,lileep,,176,0,0,10,238,71
346,cradily,345,176,0,0,15,604,173
347,anorith,,177,0,0,7,125,71
348,armaldo,347,177,0,0,15,682,173
349,feebas,,178,0,0,6,74,40
350,milotic,349,178,0,0,62,1620,189
351,castform,,179,0,1,3,8,147
352,kecleon,,180,0,0,10,220,154
353,shuppet,,181,0,0,6,23,59
354,banette,353,181,0,1,11,125,159
355,duskull,,182,0,0,8,150,59
356,dusclops,355,182,0,0,16,306,159
357,tropius,,183,0,0,20,1000,161
358,chimecho,433,184,0,0,6,10,149
359,absol,,185,0,1,12,470,163
360,wynaut,,100,1,0,6,140,52
361,snorunt,,186,0,0,7,168,60
362,glalie,361,186,0,0,15,2565,168
363,spheal,,187,0,0,8,395,58
364,sealeo,363,187,0,0,11,876,144
365,walrein,364,187,0,0,14,1506,239
366,clamperl,,188,0,0,4,525,69
367,huntail,366,188,0,0,17,270,170
368,gorebyss,366,188,0,0,18,226,170
369,relicanth,,189,0,0,10,234,170
370,luvdisc,,190,0,0,6,87,116
371,bagon,,191,0,0,6,421,60
372,shelgon,371,191,0,0,11,1105,147
373,salamence,372,191,0,0,15,1026,270
374,beldum,,192,0,0,6,952,60
375,metang,374,192,0,0,12,2025,147
376,metagross,375,192,0,0,16,5500,270
377,regirock,,193,0,0,17,2300,261
378,regice,,194,0,0,18,1750,261
379,registeel,,195,0,0,19,2050,261
380,latias,,196,0,0,14,400,270
381,latios,,197,0,0,20,600,270
382,kyogre,,198,0,0,45,3520,302
383,groudon,,199,0,0,35,9500,302
384,rayquaza,,200,0,0,70,2065,306
385,jirachi,,201,0,0,3,11,270
386,deoxys,,202,0,1,17,608,270
387,turtwig,,203,0,0,4,102,64
388,grotle,387,203,0,0,11,970,142
389,torterra,388,203,0,0,22,3100,236
390,chimchar,,204,0,0,5,62,62
391,monferno,390,204,0,0,9,220,142
392,infernape,391,204,0,0,12,550,240
393,piplup,,205,0,0,4,52,63
394,prinplup,393,205,0,0,8,230,142
395,empoleon,394,205,0,0,17,845,239
396,starly,,206,0,0,3,20,49
397,staravia,396,206,0,0,6,155,119
398,staraptor,397,206,0,0,12,249,218
399,bidoof,,207,0,0,5,200,50
400,bibarel,399,207,0,0,10,315,144
401,kricketot,,208,0,0,3,22,39
402,kricketune,401,208,0,0,10,255,134
403,shinx,,209,0,0,5,95,53
404,luxio,403,209,0,0,9,305,127
405,luxray,404,209,0,0,14,420,235
406,budew,,158,1,0,2,12,56
407,roserade,315,158,0,0,9,145,232
408,cranidos,,211,0,0,9,315,70
409,rampardos,408,211,0,0,16,1025,173
410,shieldon,,212,0,0,5,570,70
411,bastiodon,410,212,0,0,13,1495,173
412,burmy,,213,0,1,2,34,45
413,wormadam,412,213,0,0,5,65,148
414,mothim,412,213,0,0,9,233,148
415,combee,,214,0,0,3,55,49
416,vespiquen,415,214,0,0,12,385,166
417,pachirisu,,215,0,0,4,39,142
418,buizel,,216,0,0,7,295,66
419,floatzel,418,216,0,0,11,335,173
420,cherubi,,217,0,0,4,33,55
421,cherrim,420,217,0,1,5,93,158
422,shellos,,218,0,0,3,63,65
423,gastrodon,422,218,0,0,9,299,166
424,ambipom,190,93,0,0,12,203,169
425,drifloon,,219,0,0,4,12,70
426,drifblim,425,219,0,0,12,150,174
427,buneary,,220,0,0,4,55,70
428,lopunny,427,220,0,0,12,333,168
429,mismagius,200,98,0,0,9,44,173
430,honchkrow,198,97,0,0,9,273,177
431,glameow,,221,0,0,5,39,62
432,purugly,431,221,0,0,10,438,158
433,chingling,,184,1,0,2,6,57
434,stunky,,223,0,0,4,192,66
435,skuntank,434,223,0,0,10,380,168
436,bronzor,,224,0,0,5,605,60
437,bronzong,436,224,0,0,13,1870,175
438,bonsly,,91,1,0,5,150,58
439,mime-jr,,57,1,0,6,130,62
440,happiny,,51,1,0,6,244,110
441,chatot,,228,0,0,5,19,144
442,spiritomb,,229,0,0,10,1080,170
443,gible,,230,0,0,7,205,60
444,gabite,443,230,0,0,14,560,144
445,garchomp,444,230,0,1,19,950,270
446,munchlax,,72,1,0,6,1050,78
447,riolu,,232,1,0,7,202,57
448,lucario,447,232,0,1,12,540,184
449,hippopotas,,233,0,0,8,495,66
450,hippowdon,449,233,0,0,20,3000,184
451,skorupi,,234,0,0,8,120,66
452,drapion,451,234,0,0,13,615,175
453,croagunk,,235,0,0,7,230,60
454,toxicroak,453,235,0,0,13,444,172
455,carnivine,,236,0,0,14,270,159
456,finneon,,237,0,0,4,70,66
457,lumineon,456,237,0,0,12,240,161
458,mantyke,,116,1,0,10,650,69
459,snover,,239,0,0,10,505,67
460,abomasnow,459,239,0,1,22,1355,173
461,weavile,215,109,0,0,11,340,179
462,magnezone,82,34,0,0,12,1800,241
463,lickilicky,108,48,0,0,17,1400,180
464,rhyperior,112,50,0,0,24,2828,241
465,tangrowth,114,52,0,0,20,1286,187
466,electivire,125,60,0,0,18,1386,243
467,magmortar,126,61,0,0,16,680,243
468,togekiss,176,87,0,0,15,380,245
469,yanmega,193,95,0,0,19,515,180
470,leafeon,133,67,0,0,10,255,184
471,glaceon,133,67,0,0,8,259,184
472,gliscor,207,104,0,0,20,425,179
473,mamoswine,221,112,0,0,25,2910,239
474,porygon-z,233,68,0,0,9,340,241
475,gallade,281,140,0,0,16,520,233
476,probopass,299,147,0,0,14,3400,184
477,dusknoir,356,182,0,0,22,1066,236
478,froslass,361,186,0,0,13,266,168
479,rotom,,240,0,1,3,3,154
480,uxie,,241,0,0,3,3,261
481,mesprit,,242,0,0,3,3,261
482,azelf,,243,0,0,3,3,261
483,dialga,,244,0,0,54,6830,306
484,palkia,,245,0,0,42,3360,306
485,heatran,,246,0,0,17,4300,270
486,regigigas,,247,0,0,37,4200,302
487,giratina,,248,0,1,45,7500,306
488,cresselia,,249,0,0,15,856,270
489,phione,,250,0,0,4,31,216
490,manaphy,,250,0,0,3,14,270
491,darkrai,,252,0,0,15,505,270
492,shaymin,,253,0,1,2,21,270
493,arceus,,254,0,1,32,3200,324
494,victini,,255,0,0,4,40,270
495,snivy,,256,0,0,6,81,62
496,servine,495,256,0,0,8,160,145
497,serperior,496,256,0,0,33,630,238
498,tepig,,257,0,0,5,99,62
499,pignite,498,257,0,0,10,555,146
500,emboar,499,257,0,0,16,1500,238
501,oshawott,,258,0,0,5,59,62
502,dewott,501,258,0,0,8,245,145
503,samurott,502,258,0,0,15,946,238
504,patrat,,259,0,0,5,116,51
505,watchog,504,259,0,0,11,270,147
506,lillipup,,260,0,0,4,41,55
507,herdier,506,260,0,0,9,147,130
508,stoutland,507,260,0,0,12,610,225
509,purrloin,,261,0,0,4,101,56
510,liepard,509,261,0,0,11,375,156
511,pansage,,262,0,0,6,105,63
512,simisage,511,262,0,0,11,305,174
513,pansear,,263,0,0,6,110,63
514,simisear,513,263,0,0,10,280,174
515,panpour,,264,0,0,6,135,63
516,simipour,515,264,0,0,10,290,174
517,munna,,265,0,0,6,233,58
518,musharna,517,265,0,0,11,605,170
519,pidove,,266,0,0,3,21,53
520,tranquill,519,266,0,0,6,150,125
521,unfezant,520,266,0,0,12,290,220
522,blitzle,,267,0,0,8,298,59
523,zebstrika,522,267,0,0,16,795,174
524,roggenrola,,268,0,0,4,180,56
525,boldore,524,268,0,0,9,1020,137
526,gigalith,525,268,0,0,17,2600,232
527,woobat,,269,0,0,4,21,63
528,swoobat,527,269,0,0,9,105,149
529,drilbur,,270,0,0,3,85,66
530,excadrill,529,270,0,0,7,404,178
531,audino,,271,0,0,11,310,390
532,timburr,,272,0,0,6,125,61
533,gurdurr,532,272,0,0,12,400,142
534,conkeldurr,533,272,0,0,14,870,227
535,tympole,,273,0,0,5,45,59
536,palpitoad,535,273,0,0,8,170,134
537,seismitoad,536,273,0,0,15,620,229
538,throh,,274,0,0,13,555,163
539,sawk,,275,0,0,14,510,163
540,sewaddle,,276,0,0,3,25,62
541,swadloon,540,276,0,0,5,73,133
542,leavanny,541,276,0,0,12,205,225
543,venipede,,277,0,0,4,53,52
544,whirlipede,543,277,0,0,12,585,126
545,scolipede,544,277,0,0,25,2005,218
546,cottonee,,278,0,0,3,6,56
547,whimsicott,546,278,0,0,7,66,168
548,petilil,,279,0,0,5,66,56
549,lilligant,548,279,0,0,11,163,168
550,basculin,,280,0,0,10,180,161
551,sandile,,281,0,0,7,152,58
552,krokorok,551,281,0,0,10,334,123
553,krookodile,552,281,0,0,15,963,234
554,darumaka,,282,0,0,6,375,63
555,darmanitan,554,282,0,1,13,929,168
556,maractus,,283,0,0,10,280,161
557,dwebble,,284,0,0,3,145,65
558,crustle,557,284,0,0,14,2000,166
559,scraggy,,285,0,0,6,118,70
560,scrafty,559,285,0,0,11,300,171
561,sigilyph,,286,0,0,14,140,172
562,yamask,,287,0,0,5,15,61
563,cofagrigus,562,287,0,0,17,765,169
564,tirtouga,,288,0,0,7,165,71
565,carracosta,564,288,0,0,12,810,173
566,archen,,289,0,0,5,95,71
567,archeops,566,289,0,0,14,320,177
568,trubbish,,290,0,0,6,310,66
569,garbodor,568,290,0,0,19,1073,166
570,zorua,,291,0,0,7,125,66
571,zoroark,570,291,0,0,16,811,179
572,minccino,,292,0,0,4,58,60
573,cinccino,572,292,0,0,5,75,165
574,gothita,,293,0,0,4,58,58
575,gothorita,574,293,0,0,7,180,137
576,gothitelle,575,293,0,0,15,440,221
577,solosis,,294,0,0,3,10,58
578,duosion,577,294,0,0,6,80,130
579,reuniclus,578,294,0,0,10,201,221
580,ducklett,,295,0,0,5,55,61
581,swanna,580,295,0,0,13,242,166
582,vanillite,,296,0,0,4,57,61
583,vanillish,582,296,0,0,11,410,138
584,vanilluxe,583,296,0,0,13,575,241
585,deerling,,297,0,1,6,195,67
586,sawsbuck,585,297,0,1,19,925,166
587,emolga,,298,0,0,4,50,150
588,karrablast,,299,0,0,5,59,63
589,escavalier,588,299,0,0,10,330,173
590,foongus,,300,0,0,2,10,59
591,amoonguss,590,300,0,0,6,105,162
592,frillish,,301,0,0,12,330,67
593,jellicent,592,301,0,0,22,1350,168
594,alomomola,,302,0,0,12,316,165
595,joltik,,303,0,0,1,6,64
596,galvantula,595,303,0,0,8,143,165
597,ferroseed,,304,0,0,6,188,61
598,ferrothorn,597,304,0,0,10,1100,171
599,klink,,305,0,0,3,210,60
600,klang,599,305,0,0,6,510,154
601,klinklang,600,305,0,0,6,810,234
602,tynamo,,306,0,0,2,3,55
603,eelektrik,602,306,0,0,12,220,142
604,eelektross,603,306,0,0,21,805,232
605,elgyem,,307,0,0,5,90,67
606,beheeyem,605,307,0,0,10,345,170
607,litwick,,308,0,0,3,31,55
608,lampent,607,308,0,0,6,130,130
609,chandelure,608,308,0,0,10,343,234
610,axew,,309,0,0,6,180,64
611,fraxure,610,309,0,0,10,360,144
612,haxorus,611,309,0,0,18,1055,243
613,cubchoo,,310,0,0,5,85,61
614,beartic,613,310,0,0,26,2600,170
615,cryogonal,,311,0,0,11,1480,170
616,shelmet,,312,0,0,4,77,61
617,accelgor,616,312,0,0,8,253,173
618,stunfisk,,313,0,0,7,110,165
619,mienfoo,,314,0,0,9,200,70
620,mienshao,619,314,0,0,14,355,179
621,druddigon,,315,0,0,16,1390,170
622,golett,,316,0,0,10,920,61
623,golurk,622,316,0,0,28,3300,169
624,pawniard,,317,0,0,5,102,68
625,bisharp,624,317,0,0,16,700,172
626,bouffalant,,318,0,0,16,946,172
627,rufflet,,319,0,0,5,105,70
628,braviary,627,319,0,0,15,410,179
629,vullaby,,320,0,0,5,90,74
630,mandibuzz,629,320,0,0,12,395,179
631,heatmor,,321,0,0,14,580,169
632,durant,,322,0,0,3,330,169
633,deino,,323,0,0,8,173,60
634,zweilous,633,323,0,0,14,500,147
635,hydreigon,634,323,0,0,18,1600,270
636,larvesta,,324,0,0,11,288,72
637,volcarona,636,324,0,0,16,460,248
638,cobalion,,325,0,0,21,2500,261
639,terrakion,,326,0,0,19,2600,261
640,virizion,,327,0,0,20,2000,261
641,tornadus,,328,0,1,15,630,261
642,thundurus,,329,0,1,15,610,261
643,reshiram,,330,0,0,32,3300,306
644,zekrom,,331,0,0,29,3450,306
645,landorus,,332,0,1,15,680,270
646,kyurem,,333,0,1,30,3250,297
647,keldeo,,334,0,1,14,485,261
648,meloetta,,335,0,1,6,65,270
649,genesect,,336,0,1,15,825,270
650,chespin,,337,0,0,4,90,63
651,quilladin,650,337,0,0,7,290,142
652,chesnaught,651,337,0,0,16,900,239
653,fennekin,,338,0,0,4,94,61
654,braixen,653,338,0,0,10,145,143
655,delphox,654,338,0,0,15,390,240
656,froakie,,339,0,0,3,70,63
657,frogadier,656,339,0,0,6,109,142
658,greninja,657,339,0,0,15,400,239
659,bunnelby,,340,0,0,4,50,47
660,diggersby,659,340,0,0,10,424,148
661,fletchling,,341,0,0,3,17,56
662,fletchinder,661,341,0,0,7,160,134
663,talonflame,662,341,0,0,12,245,175
664,scatterbug,,342,0,0,3,25,40
665,spewpa,664,342,0,0,3,84,75
666,vivillon,665,342,0,0,12,170,185
667,litleo,,343,0,0,6,135,74
668,pyroar,667,343,0,0,15,815,177
669,flabebe,,344,0,0,1,1,61
670,floette,669,344,0,0,2,9,130
671,florges,670,344,0,0,11,100,248
672,skiddo,,345,0,0,9,310,70
673,gogoat,672,345,0,0,17,910,186
674,pancham,,346,0,0,6,80,70
675,pangoro,674,346,0,0,21,1360,173
676,furfrou,,347,0,1,12,280,165
677,espurr,,348,0,0,3,35,71
678,meowstic,677,348,0,0,6,85,163
679,honedge,,349,0,0,8,20,65
680,doublade,679,349,0,0,8,45,157
681,aegislash,680,349,0,1,17,530,234
682,spritzee,,350,0,0,2,5,68
683,aromatisse,682,350,0,0,8,155,162
684,swirlix,,351,0,0,4,35,68
685,slurpuff,684,351,0,0,8,50,168
686,inkay,,352,0,0,4,35,58
687,malamar,686,352,0,0,15,470,169
688,binacle,,353,0,0,5,310,61
689,barbaracle,688,353,0,0,13,960,175
690,skrelp,,354,0,0,5,73,64
691,dragalge,690,354,0,0,18,815,173
692,clauncher,,355,0,0,5,83,66
693,clawitzer,692,355,0,0,13,353,100
694,helioptile,,356,0,0,5,60,58
695,heliolisk,694,356,0,0,10,210,168
696,tyrunt,,357,0,0,8,260,72
697,tyrantrum,696,357,0,0,25,2700,182
698,amaura,,358,0,0,13,252,72
699,aurorus,698,358,0,0,27,2250,104
700,sylveon,133,67,0,0,10,235,184
701,hawlucha,,359,0,0,8,215,175
702,dedenne,,360,0,0,2,22,151
703,carbink,,361,0,0,3,57,100
704,goomy,,362,0,0,3,28,60
705,sliggoo,704,362,0,0,8,175,158
706,goodra,705,362,0,0,20,1505,270
707,klefki,,363,0,0,2,30,165
708,phantump,,364,0,0,4,70,62
709,trevenant,708,364,0,0,15,710,166
710,pumpkaboo,,365,0,0,4,50,67
711,gourgeist,710,365,0,0,9,125,173
712,bergmite,,366,0,0,10,995,61
713,avalugg,712,366,0,0,20,5050,180
714,noibat,,367,0,0,5,80,49
715,noivern,714,367,0,0,15,850,187
716,xerneas,,368,0,1,30,2150,306
717,yveltal,,369,0,0,58,2030,306
718,zygarde,,370,0,0,50,3050,270
719,diancie,,371,0,0,7,88,270
720,hoopa,,372,0,0,5,90,270
721,volcanion,,373,0,0,17,1950,270